Ages,Female,Male,Both
7.5,131.96462403140012,123.52418924291585,127.82011945052884
8.5,135.6601746722398,128.63348097368927,132.208922194292
9.5,139.35572531307946,133.7427727044627,136.59772493805517
14.5,157.83347851727783,159.28923135832983,158.54173865687102
15.5,161.5290291581175,164.39852308910326,162.93054140063418
16.5,165.22457979895717,169.50781481987667,167.31934414439735
